id,name,created_at
1,Alfy Yacob,3/15/2024
2,Shirlene Stuchburie,10/22/2023
3,Madge Going,7/4/2024
4,Modesta Tace,7/4/2024
5,Flemming Gaynes,12/25/2023
6,Julina Toothill,3/30/2024
7,Lorette Cardoso,7/21/2024
8,Mohammed Ferras,4/11/2024
9,Gilbertina Deinhard,11/5/2023
10,Garik Tropman,2/22/2024
11,Joaquin Bernardoux,9/7/2023
12,Padriac Giannini,2/19/2024
13,Avery Stoffler,1/30/2024
14,Shelia Grahlmans,7/26/2024
15,Sula Zamudio,9/2/2024
16,Oberon Clitherow,8/30/2024
17,Lyda Chelsom,4/11/2024
18,Vinnie Silkston,8/12/2024
19,Ynez Pimme,10/28/2023
20,Aeriel Josipovitz,3/11/2024
21,Gussie Giamelli,7/18/2024
22,Henrie McIlhatton,11/15/2023
23,Costa Carren,12/25/2023
24,Lou Goldspink,2/24/2024
25,Donny Trussler,1/8/2024